-3.942329046664572088e+05,1.079399001418156701e+02,6.496216846703165970e+01,-1.884232579119950060e+03,4.492492695723377665e+02,3.610864635265410811e+02,-3.650743906155425975e+02,2.829187297744216494e+02,6.356907772996946733e+02,-2.590178164507373708e+02,2.936714695205684507e+02,-3.883813461547541124e+02,2.581448153700346779e+02,-6.039865651597833107e+01,7.801690275326427582e+01,-4.063674842493622918e+01,3.540069199482898910e+01,2.079809685009259113e+02,-9.977116590495856485e+01,7.054719786019775540e+01,1.293963794228178870e+02,-6.127136700660318525e+01,-1.885141331038086321e+02,-6.939045107638783350e+01,5.366377469938116462e+01,2.506647185118002312e+02,1.123920417560201557e+01,2.235994716178404929e+01,-1.825134342356617312e+00,-1.404247605034386197e+02,-6.714974233632568712e+01,-8.108761647772270464e+01,7.843497885086973653e+00,4.263892352266615404e+01,5.311707838149593641e+01,2.463299614201650112e+00,9.475232379430066487e+01,1.438455689527138475e+02,-8.114993264839245057e+01,-7.501010574489112059e+01,-2.183722906392832215e+02,-2.211586152928845763e+02,8.309205188756766347e+01,3.797869028411729175e+01,2.546618755285009073e+01,3.442017853189060617e+01,4.019609164530363898e+01,3.137284730635960628e+01,-1.160504232632741406e+01,-4.723144392879030207e+00
-3.959575381264932803e+05,1.805342096076650193e+02,3.788587793059700289e+03,1.339526064757682889e+03,-1.201171770035911550e+03,7.225142858983482483e+02,5.062030871690669187e+02,5.824405546091127235e+02,7.120405591790851076e+02,5.708067204745813115e+02,-2.601573335972221344e+02,-1.804475086256697978e+02,-6.600341841925981043e+02,-6.973248230266405301e+01,1.695083823461848169e+02,1.045309826541152916e+02,2.095571639293864052e+02,1.776241276274325998e+01,2.233543780234973894e+02,-6.510228449755935287e+01,1.666442674247097955e+02,-1.252945161618686569e+02,-2.795796527953917234e+02,1.197173258062063610e+02,3.561697845625779451e+02,-2.502780004914477274e+02,-1.787766599759279700e+02,-5.723374780996239508e+01,-9.435975545352327742e+01,-1.650045927815961875e+02,-7.059184409896343482e+01,7.476477574391842040e+01,-1.346532913584777873e+02,-2.935639359655723979e+01,-7.393068204269952481e+00,7.634099416526103710e+01,-4.958149077066662613e+01,2.671568340704343214e+01,4.114446183146607439e+01,2.352683903649340991e+01,1.106195208024007037e+01,7.717163288279448308e-01,6.854723513305777338e+00,3.025643713457215611e+00,7.537173408170777522e-02,-7.418828925236401695e+00,1.310695187784894467e+00,2.089934535576389418e+00,-3.035186257852409586e+00,-6.340912132375384758e-01
-3.922473701983236242e+05,-1.882871705391635487e+03,-8.231442556583001533e+02,-1.310004391408633865e+03,1.064167914789582596e+02,-3.900889364302082640e+02,3.942531100563700761e+02,9.126850066850970222e+01,-1.208214576070234330e+02,1.916054097420735047e+02,3.382854334481891101e+02,3.763090458038868746e+02,-1.027622449315774134e+02,2.987136230433706174e+01,1.572969440249112552e+02,-1.121350963672909842e+02,-9.226057183095319658e+01,-1.013103299372767196e+02,1.457716645303745224e+02,-5.469366928498084235e+01,1.198443019069383695e+02,1.119586365169443098e+01,1.895088511805068165e+01,5.921109762491630590e+01,-1.339400817204932315e+00,-5.222633780977344031e+01,7.237145708994215454e+01,-5.006538196699116128e+01,-1.378369846827166256e+01,-4.828856582745980397e+00,-1.073671432528376073e+02,3.218660752109246914e+01,-5.444644865791320454e-01,-4.078990734373465443e+01,-5.239614365130205620e+00,-5.355009607451452780e+01,-2.962212942900794488e+01,-4.318766896512289399e+00,7.056385723298552293e+00,-9.770749683897143711e+01,-1.368009476231489430e+02,1.282740641064378906e+02,-1.788934007116256737e+02,1.104191816792630192e+02,-3.977090765386669169e+00,-4.769728364712823065e+01,1.626167970488467063e+02,4.877871290167707485e+01,-1.014311105197231910e+02,4.070266850106379763e+01
-3.974330005439094384e+05,2.549585902746265219e+03,-1.191348603965227539e+03,-1.543788576925055850e+03,-1.021367917112103669e+03,4.808900087735404441e+02,1.365970781778288710e+03,-4.720585113051834583e+02,4.647520907143299382e+02,-5.428224017857424997e+02,-2.791224791916695267e+02,-2.784192864258419675e+01,3.295765870430411582e+01,-1.255766441792872143e+02,-2.518433322841846689e+01,-1.793226238763363369e+02,-1.067429734131228116e+02,-7.433899698466458972e+01,3.466906381369813630e+02,3.659083446170972138e+02,-7.513874609143209682e+01,-5.263542178965476381e+01,-7.674730887108516697e+01,8.345713684295590440e+01,-1.498570041846548122e+02,1.823252018588412966e+02,-1.783558368225506570e+02,8.198215903801917648e+01,-2.623429121877445027e+02,1.526390495002811853e+01,1.708224255614220795e+02,2.309327501500942788e+02,-7.180895347525451200e+01,1.398123568940363555e+02,-9.722669012598753824e+00,-1.442846144336638474e+02,-4.302355862334707837e+01,-8.335036499596380111e+01,-9.673932892011929141e+01,1.737830223395051021e+01,8.566597135457037382e+00,1.943302275096046472e+01,-1.295611954745583461e+01,3.577009226201604974e+01,1.035964016605652915e+01,4.181953421068947740e+00,-5.414016338401572703e+00,-3.286687521550524593e+01,-1.067536097579515841e+00,-8.730299805465140395e+00
-3.958012702128820238e+05,4.843464450542693953e+02,3.186476666545455373e+03,1.802433130423733019e+02,2.619542186629215053e+02,-3.853261761478465814e+02,2.632879272119187135e+02,-2.004584857886427187e+02,-3.726855774971575102e+02,1.772585096141720271e+02,1.786065735590618999e+02,-6.144598699049574861e+02,-8.529827199958126585e+02,3.615595910876702845e+01,-2.239594144428372715e+02,-1.304718434895800101e+02,-1.709637492777223144e+02,6.553277350277612356e+01,2.351986812889835790e+02,-1.151310693135355052e+02,7.987535779517077117e+01,-2.617995005971510523e+02,2.537820107997714558e+02,1.940935259714081269e+02,1.649434965556697534e+02,3.225380401917228710e+02,1.323891107470834925e+02,3.586160079713846471e+01,1.710964507619412416e+02,1.721406684771569360e+02,7.171839919878767944e+01,-7.099487604289231513e+01,1.804060633753655054e+02,1.104071960292353651e+02,-1.041316536597790865e+01,-1.358096168403345700e+02,4.634570358997778783e+01,-2.159489753141964030e+01,6.832551559546699016e-01,-4.580482054893837862e+00,-2.751905103265509567e+01,4.737426413479804310e+00,-1.508048998089679493e+01,-1.539607002434751060e+01,-3.012307062477687580e+01,6.058290625306448796e+00,-1.570049027819047893e+01,-4.207096048862008608e+00,2.192076487877399504e+00,-5.989690365660106153e+00
-3.922344876843313104e+05,-2.396172851943226306e+03,-8.131512228548565417e+02,-1.619202069060936253e+02,1.864850004451944017e+02,-4.315531377037058292e+02,4.212729379939829377e-02,-3.178835021544059103e+01,-5.095723785686666361e+02,1.753933570421440322e+02,-5.812375522354462731e+01,-1.086507965841557706e+02,-1.475328610752809055e+01,-2.202624905024792383e+02,-3.383411046202477479e+01,-3.360286685963180275e+01,7.683842456728004144e+00,-6.461610488706850219e+01,-1.285984706492368446e+02,3.936200581993468717e+01,-1.233897612654340179e+02,-7.782203222132336862e+01,-1.116913823327561630e+02,1.301742916673284256e+01,1.329555359993651393e+02,-5.080210589385247744e+01,-5.108868697480642140e+01,5.148060483943346100e+01,3.800042032753740529e+01,-1.466008506008419054e+01,3.919595260115081459e+01,9.420708697545690313e+01,8.257480432004367543e+00,-5.788579527945517356e+01,6.363274781147750048e+01,-3.039008191951629456e+01,-3.799115477551453068e+01,4.225956309045172077e+01,-1.662185728145074961e+02,6.742927277781119244e+01,2.829473670202801827e+00,9.816437745431732864e+00,4.871283248657221066e+01,1.019470810724077658e+01,-4.070155343087395750e+01,1.062851876596844107e+02,-5.134616571969279164e+01,-4.000343292457206323e-01,1.438653704084311613e+01,1.700907417229483656e+02
-3.947766841239881469e+05,-4.419820913494899060e+02,2.037711344044955695e+03,4.574851974810142110e+02,-3.077113967070245693e+01,-1.789926075252494968e+02,6.561117796048476691e+01,-2.427691451453833338e+02,-2.599831256304238991e+02,9.314753404735765230e+01,2.013185744353007749e+02,-5.624332930899959138e+02,-6.587529976426707208e+02,5.830515578148666123e+01,-2.280551349522137627e+02,1.632385622756464443e+02,-5.804381953246302146e+02,-5.826510006775647810e+01,-1.333782823635827697e+02,-8.690617356795112869e+01,6.990271399243114558e+01,2.545450524203489238e+02,-3.670085427803174927e+00,-3.438384579989773897e+02,-4.975465415411723029e+02,4.165409404109833247e+01,-1.439035426282223398e+02,-8.866252630981273342e+01,-9.549943053600520670e+01,-1.022856576965888280e+02,-5.038575981959326100e+01,3.303319990779409920e+01,-1.781884527168648731e+02,-9.840106638411096185e+01,1.123221777236541996e+01,9.264131322679270397e+01,3.182217926772506900e+01,-1.671258744258016193e+01,-2.993095304899321007e+01,1.601885607240066678e+00,-1.471863232738294514e+01,7.274071644209336718e+00,1.382260347150739310e+00,-5.780997810839884288e+00,2.216963538155642954e+00,1.032636010438632468e+01,4.322251054701164996e+00,2.894166990085405899e+00,-4.446811337510799156e+00,4.030181758748033083e+00
-3.937058463830902474e+05,-9.154011591813614359e+02,8.836906807771639478e+02,-9.585520606515217423e+02,1.168013266755799805e+03,4.949179094673742156e+02,3.261380734945276458e+02,-5.688613762994144736e+02,-5.617133426542517327e+02,1.518037445488447723e+01,-2.515446890060981104e+02,-8.043522680625535770e+01,4.545981103720819192e+02,-5.600572136781941879e+01,-1.854233256464217448e+02,2.254374174347607607e+02,-2.794756307612054798e+02,2.608081406393216639e+02,3.422285100059979186e+02,1.337496254290902300e+02,-1.877013387695589302e+02,1.332689764708475195e+02,-1.155720146558265355e+02,1.438732919748014751e+02,1.428785495941727959e+02,-1.358994632550938775e+02,-3.446891498775485019e+01,-4.530294325558751467e+01,1.977134852788143178e+02,-2.094960505695756865e+02,2.783286969907260300e+02,-2.843847120953141712e+02,-1.780777838875621910e+02,1.604296086660269083e+01,-9.652089225506495040e+01,5.524386544781214781e+01,2.742381867880049739e+01,-7.430636972646021832e+01,2.819251777896987576e+01,3.687707584216506262e+01,-5.709324311528954610e+01,-1.556416239937159673e+01,-4.915453111293564348e+01,7.408276040517799421e-01,-2.290749012431423992e+01,-2.460039755532475780e+01,-2.861860435646085943e+00,-1.077444813991316197e+00,-7.634189792093625471e+00,-1.870583682180770424e+00
-3.948574188381589483e+05,4.643958863423424077e+01,-1.351677447506326644e+03,3.126662367633863369e+02,6.437066969867618127e+02,-5.129015641976528741e+02,-7.566845802507300505e+02,-2.855198610104518480e+02,2.307081065677808454e+02,4.146673731327890664e+02,-8.068040283564131414e+02,5.196241637603010588e+01,-6.025321848585994644e+01,3.425306462407166919e+02,1.143979757469341507e+02,1.271713243459114011e+02,2.282126620757883302e+02,-9.101312229493723649e+00,1.253461994946152060e+02,-1.660051634504190021e+00,-8.582136641841506730e+01,-1.542188030735261464e+02,2.563462184080875659e+02,3.206210937220657229e+02,-3.657563356451826166e+02,2.386190590532270672e+00,-2.101477084995092071e+02,-1.381531857077682446e+02,1.832456797915647257e+02,-3.003386584734849407e+02,-2.308174369306285882e+02,-1.988741304529906628e+01,3.997278807100653353e+01,1.455664446958704161e+02,2.616114187545401748e+01,-4.707320347102699998e+01,-6.328001272066909877e+00,3.736390913424992299e-01,-7.124287150992387296e+01,-1.775269671333285393e+00,1.270361782310327570e+01,6.625060823052190351e+00,2.957392011818614819e+01,-1.581139418327551383e+01,-5.184218422528890535e+00,9.727251771769726219e+00,1.305826554047567001e+01,-5.432730177672271399e-01,-5.525808983738881075e+00,-6.197100261221758499e-01
-3.995626542107803398e+05,3.998640201624837118e+03,-6.670100435693932468e+02,2.734701993060156155e+02,6.694728108864935621e+02,-1.878925999861457967e+02,-2.648479448255711759e+02,1.241176175078829601e+03,-3.877571750206932961e+02,-2.850828647522895380e+02,9.690514008746285413e+01,3.790020605665453672e+02,-3.552780340892916797e+02,1.846793639632473827e+01,-2.102139092220888017e+02,4.229380513102971122e+02,3.821388764951252170e+01,2.974124526418215169e+02,-1.300062376311225023e+02,4.732174093328046638e+01,-1.033879909711783398e+02,-8.053250549431945515e+00,-1.540823943400079798e+01,1.259859429868878493e+02,-2.928390768763690488e+01,-5.233342275258700482e+01,5.516648866938815132e+01,-4.184627701820164702e+01,-6.705678129551746736e+01,4.593247689734457140e+01,6.790798628797583447e+00,5.055932374634217297e+00,-3.863825116005386207e+01,5.909441281075426389e+01,5.832706638862508441e+01,2.882639559380160321e+01,3.080870713213854017e+01,-1.440677604711106774e+01,-9.981119423468855700e+01,-5.985251730853231322e+01,3.228407762716756224e+01,-2.455345202692670981e+01,-6.428141764882363418e+01,1.686195283596233025e+02,4.287194971071974336e+00,-6.738289208643251982e+01,-1.337320269898890501e+02,8.454233272066562677e+01,1.501348733519903966e+01,-6.152789546276477672e+00
-3.941285925707091810e+05,-2.452737617440190832e+02,-1.393273551206792490e+03,-1.385450132519335284e+03,-7.861326048314458603e+02,-1.802390290985322352e+01,4.635504333875501857e+02,-1.330777088050710155e+01,-1.772772810488987147e+02,-7.779125851031994898e+01,1.412515572047059607e+02,-1.078998546580233509e+01,-6.471504379298936271e+01,1.361628253025664321e+02,2.142145271853264532e+01,-1.066098722950056299e+02,-6.739668985994141792e+01,-2.411592209867756864e+01,1.335529972243927261e+02,-9.820144182686274803e+01,-3.464550054196355688e+01,3.101740322471798805e+01,-6.829402253445665849e+01,-1.963676997077897335e+00,4.376789504892349925e+01,-1.461996337569868558e+02,-1.389734081817419309e+01,-1.384087617052288692e+02,-3.919438095360725782e+01,2.099245299097654822e+02,-1.161863449528260759e+02,-2.055062501835456885e+02,-2.839946989588042570e+01,2.151300354946292828e+02,6.389849883164072963e+01,2.035748050699716885e+02,-1.115668466365165301e+02,7.198777554686023450e+01,-1.049594237262684118e+02,-2.272967387967675279e+02,3.072289126652966829e+01,1.582499468410981613e+01,-4.888671574774540574e+01,-8.229635461006469654e+01,4.904364472234821193e+00,6.307605182259639065e+01,-2.130584622947153406e+01,-1.064931197055378220e+02,3.723092259536996096e+01,-7.744654363195816238e+00
-3.966305018556749565e+05,5.280234039747767838e+02,7.175312239854973768e+02,1.981735472281219245e+03,1.741628669345613616e+03,-7.382182927183430365e+02,6.014089725908416995e+02,1.414760225631280264e+02,1.332001381549901282e+02,3.206696412296416270e+02,7.844130742544374471e+02,-6.302765384347123927e+02,5.759699175950302106e+02,-1.234870233446960697e+01,-1.451295328986856816e+02,-3.876743658880101862e+01,5.363596555530266414e+02,-1.250992478018721821e+00,-1.338337053124505758e+02,-3.180990477748130374e+01,-3.400867350785289744e+01,-3.857908604357805871e+02,1.658658934568279619e+02,-1.093159935114594106e+02,-1.255519812105184769e+02,-1.662412198611783651e+02,-1.348722567502975664e+02,6.210501452222542440e+01,-1.087736931631877866e+02,5.353109845935811961e+01,9.006768027266728893e+01,-3.223534512408252795e+01,-1.355374571936764028e+02,2.467074130113043751e+01,-2.825150537078997104e+01,-2.301473664068593195e+01,-5.229250775071799495e+01,-1.442251759184331945e+02,8.224201388782448774e+00,-7.981523547277001285e+01,1.111597601370363009e+01,-1.849064804543246865e+01,-1.406257342704191871e+01,-9.503235451278973400e+00,-7.605998833510970947e+00,1.003478605496264287e+01,1.150494631740698281e+01,1.031214752590553907e+01,-2.421326291469496184e+01,-2.332419574729700240e-01
-3.931696689344838378e+05,-2.284755521889638658e+03,-1.435000701571580635e+02,1.346032460052851320e+03,-1.730517695143513777e+02,1.106193060991227412e+03,7.301868508543000758e+01,6.173834600799452232e+01,-1.482218461622417749e+02,-4.299864632620457883e+02,-1.300092012489905073e+02,1.445709053069047627e+02,1.886348504909945518e+02,4.878148219658265248e+02,2.136762046964581998e+02,2.444264867407228223e+02,-9.978526239139689835e+00,-1.545148783752528132e+01,-9.788310519762234208e+00,-3.390391581644779961e+01,4.180129152100145689e+02,-1.352976699156832865e+02,1.270670568355528474e+02,5.541913125700973808e+01,1.680041546010001241e+01,3.598993820617673922e+00,1.127426236724728739e+02,-5.952458661713109933e+01,-3.851809193538914400e+01,1.750569043867384096e+02,-4.976479933419506807e+01,-5.589334268365455927e+01,-1.345331283661857071e+02,-1.283845515380741062e+02,-9.358359732511424056e+01,-7.286497671367617102e+01,-1.454466480984814680e+01,-5.553362763719233897e+01,-2.132491575479127164e+02,9.046551332780275345e+01,-1.094331469048500765e+02,4.034645975086979774e+01,1.593321912258349116e+01,-1.084438038735198973e+02,9.939044707366713283e+01,-5.723980917171638794e+01,-4.509536948700891656e+01,8.894810846095614565e+00,6.307629768001283832e-01,-4.453472555476686523e+00
-3.949020370630828547e+05,3.227256154691801271e+02,-7.486314297077179845e+02,-8.908596033956638394e+02,4.719456188247320370e+02,-1.718529225933081932e+02,-3.376121091142623527e+02,6.951909477671205195e+02,2.072580892844710263e+02,-2.761343750583756673e+02,2.485808683619110013e+02,6.280112215047885194e+00,-6.656239861955579329e+01,-1.465348618969369738e+02,6.632562196047813075e+01,1.395969417701128350e+02,-1.170886211722799572e+02,-4.929188482836405427e+00,-2.385485799900807180e+01,1.024991700834506787e+02,1.044881561720167582e+02,-5.980681183682906976e+01,2.335966150113515383e+01,-2.357104555890206754e+01,4.424951303872257569e+01,7.764971839784122665e+01,1.409799722967251334e+01,6.409529505944465200e+01,1.089568645092884367e+02,-1.684715753599541301e+02,1.051459105327183750e+02,1.499546778039249944e+02,1.677984371016830778e+02,-6.395298377810446766e+01,-4.125617799203894833e+02,1.625903670651068751e+02,-1.599899724045706151e+01,-1.987408668820513924e+00,-1.166900409975935133e+02,-9.110775826057324878e+01,1.437196287346041004e+02,3.086604904517813353e+01,2.468120026807744338e+01,-8.026025382320615620e+01,-5.159810845168118476e+01,-5.857583722175820462e+00,4.880846245382421955e+01,1.118068979212150182e+01,-1.572138858502092695e+01,-8.018981330808937713e+00
-3.915673302593693952e+05,-2.423275425841814013e+03,-1.074032030806038620e+03,-1.369186603511308249e+03,-3.755660822472109999e+02,-6.417450705105045117e+00,-3.860470502096227960e+02,2.582729966485807722e+02,-1.302525792296807339e+01,-8.306399739992502873e+01,3.366327856885451979e+02,-3.542339563204134834e+02,1.077468064777901589e+02,1.799378064601559046e+01,-3.013931346623751750e+01,1.064480340863284802e+01,-3.073173900620810883e+01,2.769720145483288221e+01,-2.389624009129414617e+01,-1.519234251732233076e+02,1.210683819036971585e+02,-5.130967923306724998e+01,2.357720812987711412e+01,6.786212551677618876e+01,-8.063275223602407493e+01,-8.193306583315751368e+01,2.483492525523447014e+01,-1.518038000869051984e+01,4.712293907662842685e+01,-1.276586825004690517e+01,-2.117796358635481013e+01,9.830239087720428870e+01,1.064415208671154147e+02,6.052979191430362249e+01,-5.394827967122605372e+01,8.552356679323193589e+01,-1.160320341877210240e+02,-5.302619569079763551e+01,8.755966731698266869e+01,1.421163222503221562e+02,-2.353730636837933332e+01,-7.237713000885646863e+01,1.508769731176059814e+01,1.337379842440896596e+02,3.918679452001142494e+01,-1.522606256850124851e+02,-1.333201029665668536e+01,-1.814245902778159518e+02,3.796535797388505529e+01,2.239169703675297285e+01
-3.971775543212429620e+05,1.427905885851390394e+03,3.243146055287779745e+02,7.949084394741486221e+02,1.895096855132934934e+03,-9.322547366823017683e+02,1.058818269485721203e+03,6.508560984698508491e+02,1.744692858338284509e+02,1.873402863265855274e+02,5.252557980762447869e+02,6.900970636455526801e+02,8.880124213878745820e+01,4.362568003697607111e+01,2.538931926313489100e+02,-6.191517676713377796e+02,-3.089905437656535696e+02,-2.791801443722437739e+02,1.640455043500624583e+02,3.723288631375154267e+01,2.493943402171300647e+02,3.315144665156925896e+01,1.254144023332874838e+02,1.071500774998918359e+02,-6.741192095432172948e+01,-4.713065871877331858e+01,-7.887997582938078267e+01,-1.071649303261473420e+02,-5.061105006793599159e+01,-1.216065169744156265e+02,1.152771297254941203e+02,-1.041617380230361789e+02,5.976678081891581229e+01,-6.968733021514320569e+01,8.055199937257387433e+01,3.870896678742904129e+01,6.716361511140182472e+01,1.109019467325834682e+02,1.128385080626024717e+01,8.963992492403518497e+01,-4.002901079574894716e+00,-1.084150426747245044e+00,5.250461665395930311e+01,-1.365486527597426125e+01,-1.144514014371214472e+01,2.501318936489953071e+00,-5.816055617718353687e+01,-2.335766391180277424e+01,3.191779741213089139e+01,-8.105823448584995816e+00
-3.988435844139210531e+05,3.833607072648772828e+03,-7.672269733825443154e+02,-1.232179565056251931e+03,-6.955318407573553259e+02,8.231709817431169540e+02,9.158487512441614626e+02,-5.060664364560025206e+02,-5.197794382133618285e+01,-1.899393385129507408e+02,-2.752882799973433521e+02,1.766407576650964586e+02,2.351699894722497319e+01,8.693457566652500645e+01,-5.217280636496517445e+02,-3.150274796872923275e+02,2.642520413889503175e+02,-4.873283363121615253e+01,-4.443760477935069453e+00,-2.376305076185252858e+02,6.794069850113920950e+01,-1.378912971567520458e+02,2.988383740412391631e+01,-3.112763769998886687e+02,4.287106092841838034e+01,4.780999025569175842e+01,-2.866084984245944156e+02,1.518073218482063282e+02,2.361044309335915443e+02,1.866063532676326631e+01,-1.440194010504243636e+02,-1.768397049129664822e+02,8.406766498585803049e+01,-1.936244887423740124e+02,-4.200876961275326948e+01,6.149155934272565105e+01,-4.668661463759172392e+01,4.578997694903932114e+01,-3.197082856344871971e+01,5.875806871919319008e+01,3.712659377662081539e+01,1.810565239125711301e+01,-1.250459403643674960e+01,7.150142166608608818e+01,1.267586126354788334e+01,-2.464056608951241856e+01,-8.575424385275187689e+00,3.089067884154098564e+01,-4.215120053918526288e+00,-9.420013380379134160e-01
-3.953985682212517131e+05,4.199702115766940551e+02,2.130640131205443595e+03,-6.767797205248168666e+02,1.539446386020568752e+03,3.132017767779254882e+02,9.629017609635641293e+02,-6.776118132881264273e+02,-8.311638210473481081e+01,7.460054507854300709e+01,2.014549818122586942e+02,1.772336718685983783e+02,-3.979535117862899085e+01,1.947800384082681262e+02,8.144840593997004419e+01,3.763549115413913171e+01,-1.667503187323241987e+00,1.193700185529591806e+02,-2.690054362706643474e+02,1.244937642290480824e+02,-2.906552952143055109e+02,1.882236010423976893e+02,1.235714795422356360e+02,-3.624707724646879825e+01,1.393781673369914245e+02,-1.257432477200985765e+01,2.453122925988849943e+02,2.062556071485844313e+02,-2.825122258363581409e+02,-1.402789379087658972e+02,-3.560216032749833062e+02,-4.418578785490131366e+01,5.526229262640538309e+01,1.174246095705317572e+02,-1.392198796415891024e+02,-5.269830129654078377e+00,-9.600034366655768281e+01,6.061129365062557284e+00,6.707496252005596737e+00,9.597601348293522960e+01,-1.748342464568789367e+01,1.190298536684155195e+01,1.453644660569797509e+01,-1.597465338872019380e+01,-4.331371284271765632e+01,3.429129472120262978e+00,-3.064812570825350235e+01,-4.867610093992019715e-01,-1.249760904101277825e+00,-5.376066856256360715e+00
-3.949779234117943561e+05,-3.796056011925641371e+01,-7.575052446412445306e+02,1.486411444119655982e+02,1.032533813947869703e+03,-4.221038685946853661e+02,-3.295733364670115293e+02,-2.148280583400872104e+02,5.198484130920458313e+01,4.802849204158339091e+01,-7.241971551060370302e+02,1.494864186484122115e+02,-9.393499822166346291e+01,-2.357045020379292168e+02,1.944115732058670289e+02,5.952120656539440802e+01,3.730954572347199516e+00,2.544789220542472918e+01,7.655060569510236235e+01,-2.366468525241423038e+02,-5.524936772526987738e+01,-1.543593827877972160e+02,-1.928658991895098609e+02,-6.440577828816570616e+01,2.929308474486910541e+01,9.421757943502764476e+01,1.268184649559330701e+01,1.681793868719440610e+01,-3.288801035730682543e+02,2.920466280244093937e+01,-2.821670522558957472e+01,-1.184139986867090357e+02,2.146940490716050647e+02,-1.778564073572240432e+02,7.882075246978996574e+01,1.027360717364844049e+02,1.887350003757073296e+02,-2.430906990830730479e+02,-2.107530091130071170e+01,-1.664011114015465509e+01,-2.271431281885901432e-01,-5.914452411540344201e+01,-5.139397115356334211e+01,-2.775739299411493732e+01,-3.337324199143079539e+01,-9.262662547966556303e+00,2.991427254220800691e+00,-6.619663903316785536e+01,-2.506247746478016225e+01,1.087859758934661469e+00
-3.936645832325922092e+05,-1.342487285315653935e+03,2.271636911275794773e+03,2.657370759210782012e+02,-2.220998390414287314e+03,-1.375130985797771359e+02,1.971258320406088558e+02,9.090783584042437724e+02,4.314620342621791451e+02,3.705816794853968759e+02,4.897867508960248273e+01,2.547586363021068223e+02,5.086693587418279208e+02,-1.850723197982345596e+02,-1.859827205624274526e+01,2.567615820078654565e+02,-2.044947219417675228e+02,-5.629183917750710719e+01,-1.748111571529307469e+02,-2.929051110767437081e+02,-2.447012047279577871e+02,2.410994561121414108e+02,1.669869931538944172e+02,-1.985259528007848644e+02,6.714958614670339898e+01,-1.055202082713481104e+01,-2.634659918227288813e+02,-6.613498251593163957e+01,-1.264062219415443344e+01,2.224518897408794516e+01,3.675552048904062730e+01,-1.165163919507470496e+02,1.670028045067828941e+02,1.602596618377929758e+02,-7.667411861773099702e+01,-2.045660997415760960e+02,9.595914346487366231e+01,-3.745137640631676845e+01,-4.883206568328105845e+01,1.269422653332363282e+01,-1.699407736617040499e+01,2.024540943462092812e+01,-1.308712374110357146e+01,-1.400402198064871762e+01,2.517952986716769814e+01,-9.327659683230589138e+00,-3.145525959780229641e+00,-7.438669432760909750e+00,6.595245944494392276e-01,6.580138620765828783e+00
-3.952551140220252564e+05,-8.854514837346217746e+02,-1.835097160537488890e+02,3.055690011613590286e+03,6.360841237405422817e+02,5.270950602743939726e+02,-2.383241058604681371e+02,-4.639244326462206800e+02,6.102484448365611343e+02,-1.613966151548037828e+02,4.585279074371146066e+02,1.398196442155907278e+02,9.391112604773660166e+01,-5.060966888148312250e+02,-5.246690405473324290e+02,-1.832237360368164332e+02,6.983992699222343958e+01,1.365172936014986362e+02,2.874065440426945770e+02,1.280218543715518820e+02,-2.817138334937304762e+02,1.874389925286919265e+02,-1.254139525855007520e+02,9.704646773531855786e+01,-2.267510173679587737e+01,4.691699277299476023e+01,8.403693810349730597e+01,-4.199190218269005186e+02,9.221661000877014658e+01,1.479748615088211920e+02,-2.021265696897903865e+02,8.816859930796658773e+01,4.503779690519755263e+01,-1.173106972934325825e+02,-6.465170091109742145e+01,-3.296423739782969875e+01,2.601198098695956862e+00,-2.395202743785874056e+00,-3.154270760081250202e+01,1.072968387453404127e+01,1.044450630128670454e+01,-3.536147645836017261e+01,-8.683139144541312859e+00,-1.107273691573387175e+01,2.818657297130374939e+00,-9.966128873815414124e+00,3.614593294780936161e-01,-6.630722605740225539e+00,4.595580569383393765e+00,1.281939845691954849e+00
-3.959038516422425746e+05,9.489121702564730185e+02,3.006694466472712520e+03,-1.808826930064221585e+02,-9.234983748836633595e+02,-1.667801851290334071e+03,-9.629445478654797625e+02,-4.186023890061812267e+02,-4.894684477218230541e+02,-1.083845242073203735e+03,1.879421386466150921e+02,5.862441553966599628e+01,8.541497823850893667e+01,2.463854893698333512e+02,5.974473409986437673e+02,-2.318787341700540594e+02,2.508528653351420985e+02,3.509185946862720584e+02,2.066355334958159062e+02,-1.648445704670098451e+02,-2.204226445922242306e+02,1.332481364527593826e+02,1.508294682256077408e+02,-6.852345854909030720e+01,1.484196147747249768e+02,1.053267101951112181e+02,-2.011783144817511584e+02,-1.036144487035065112e+02,-2.435764045188104276e+01,-5.991881518873122481e+00,5.272486548289656128e+00,9.769610346142776791e+01,-8.911391071980968093e+01,-9.061521495184575770e+01,5.827472965547711325e+00,3.430234699644115182e+01,-4.163464858699905591e+01,1.974533521014310367e+01,1.661044356669244237e+01,1.069778926816985631e+01,1.391868976577634776e+01,-1.467671556938879185e+01,-2.491608492144283371e+00,-2.721770399685349062e+00,1.341404679382114651e+01,-6.417081250280378235e+00,-8.902992835725227483e-01,5.023959681390175014e+00,-7.733875235257468006e+00,-6.630071669533179612e-01
-3.942320847697291756e+05,-9.675557061479179310e+01,-1.676625739884929089e+02,-1.398561879492113349e+03,5.328367206422000208e+02,1.602158844110262805e+02,-3.964684039409964385e+02,3.625331479606089147e+02,5.498085057608034276e+02,-1.884419325253050772e+02,1.741074346100625121e+02,-3.988777026112108501e+02,2.378171974783238056e+02,-8.981989540103661795e+01,1.271741026390697300e+02,-1.104999426279590047e+01,-4.318643064794634512e+01,2.810830165327196823e+02,-9.343953111113967225e+01,-4.816684295217628886e+01,1.637273458323047919e+02,1.365614946676351060e+01,-9.863542315538347793e+01,3.043901428918769803e+00,1.101830426345180719e-01,8.662359675870571607e+01,1.220219100573074229e+02,-8.249959182421571313e+01,6.749644470133043228e+01,-1.701011369218050007e+01,-2.444665101464490675e+01,-5.976892434534588716e+01,2.306899301349703535e+01,6.916332424625200304e+01,1.150621317813466220e+02,6.042162952458389924e+01,-4.776848917044000054e+00,-6.203704080959953160e+01,1.899401100124582298e+00,1.929122383564943561e+02,1.384952340404456379e+02,1.571108569319061417e+02,-9.331304499333545266e+01,4.238858917710305008e+01,9.708665636168900903e+01,1.722051349996995668e+02,2.404372443770598000e+00,2.099182790640120189e+01,-2.617334032402941446e+01,-2.768661895299166176e+01
-3.953428313189895707e+05,-2.224159445626853255e+02,-7.663640340183731041e+02,1.482188914427862073e+03,1.400801250575274480e+03,-1.187074193848073946e+03,2.518642605415120101e+02,-1.723330052764162303e+02,-1.779367146486613294e+01,2.967047577351525547e+02,-1.175764779967807101e+02,5.203545530091643059e+02,2.282507746228997192e+01,-2.245467698364277567e+02,1.327304447017488087e+02,2.700151956494065075e+02,1.212678087372112827e+02,-1.290694390565234642e+02,2.044368909423771754e+02,-1.883716322150900169e+02,1.957803102270208910e+02,9.686528930832774620e+01,-3.236370488282464066e+02,-3.052574563325618442e+02,5.241882219122182107e+01,3.244256090463098303e+02,3.705245351907419149e+01,1.894482740943279850e+02,2.484130894462799972e+02,5.574492430267403620e+01,-8.194712292306813595e+01,1.171871416310822127e+02,-1.937861224669348132e+02,2.177553739036386276e+02,-3.314148854111429898e+01,-9.889414084325297338e+00,1.022218825021988309e+01,-2.765063758433971230e+01,5.006713515634175593e+01,-1.146733546943695448e+00,1.002016989990069273e+00,6.265007286974269896e+00,4.093704851668364064e+00,-1.752777765643919139e+01,3.621237965734184172e+01,-2.138639823358464653e+01,-2.788950893260123820e+01,-2.231436912771449954e+01,1.376397896025443401e+01,1.229795241327256372e+00
-3.942449037689397228e+05,-6.810571893070706437e+02,-6.815714168524137904e+02,1.850345580405679868e+02,9.686728480340692613e+02,-2.906875980334240808e+02,-5.572269507147932472e+02,-1.561502806684362099e+02,-9.417419432897133902e+01,1.665935896433705352e+02,-5.281774284103086075e+02,-1.701090433963693727e+01,-4.071453209171390597e+01,-2.395756600516858441e+02,-1.976328165869248110e+01,1.443513919330188742e+02,1.995209039364707593e+01,1.684671340047177779e+00,1.477008777119655178e+02,-2.873369628732846195e+02,1.039856709208794143e+02,9.916910653950971266e+00,-7.618347240476897753e+01,-4.344001569529968521e+01,-1.066492924493542205e+02,5.038005429412582004e+01,5.717520291085689621e+01,-1.006595697052417790e+02,-3.010767171388991414e+02,5.689664714729898520e+01,1.743864424956168762e+02,-1.625210565833787939e+02,7.570807659981868198e+01,-4.085567895594496690e+01,-1.184999895091081896e+02,-1.482841564146418420e+02,-2.971477594855470556e+02,1.739275656505367067e+02,6.999974640944469684e+01,-1.162455605465915021e+01,5.292806256790536423e+01,-3.435357267083958277e+01,4.054573944859436097e+01,3.732573056429508540e+01,5.396754594104582736e+01,1.986517842741573858e+01,2.851582912884340004e+01,6.112426743250362904e+01,2.445395905466052611e+01,-3.932505921474203969e+00
-3.944221778889415436e+05,3.699825301096832391e+02,2.021377517623136555e+03,-1.950578061857306011e+03,1.152617092124006831e+03,6.599812335838663557e+02,2.527706078987069418e+02,-1.325119627145826598e+03,3.849668269980901982e+02,1.793883624850832632e+02,2.758702765653377469e+02,3.388341486244100338e+02,-3.712927270462058118e+02,9.202574072802737248e+01,2.526957439932139664e+02,2.837418558934744510e+02,4.173078947061531494e+02,-2.115944114791596178e+02,-5.222734387795363773e+02,-7.493604212905584916e+01,2.417527105590542646e+01,2.391476771717743190e+02,-7.034808808780142897e+01,1.904428254551554289e+02,-7.359886005603749481e+01,-4.673126659183787979e+01,-9.016220840508108836e+01,-1.197657710760616112e+02,1.007151691933197100e+02,1.603775670522200869e+02,2.520967174621916911e+02,4.783645539649348422e+01,6.376780587667736455e+01,-3.219298308111778750e-02,1.899773888641352571e+01,2.695318259320016807e+01,7.292586569191226431e+01,1.638887093651191051e+01,-2.616910118789436268e+01,-2.159346748962672180e+01,3.225392615216429704e+01,-1.933745205855399263e+01,4.227736570472393929e+00,1.669793988630491910e+01,3.527283985211947481e+01,-1.056163419753299593e+01,2.247766618492790158e+01,-7.207667013182179616e+00,7.843337738477488053e+00,3.068779254919562050e+00
-3.917346122283120640e+05,-2.491539963968078609e+03,-3.858815122110465268e+01,-1.204160783509871180e+03,3.222640321908201599e+01,3.427892925245242139e+01,4.472272236881471486e+02,5.924743292486394353e+01,-4.175554219804137119e+02,2.866913403442633239e+02,-8.168488546700652719e+00,-2.067788986812154306e+01,-1.179028674009025696e-02,2.355215057621408425e-01,-9.791057615039429152e+01,-1.555320789274609012e+02,-8.218448230978540892e+01,7.791654891702796704e+01,2.986407972917753995e+01,1.026871778578879457e+02,-9.187774752746089746e+01,1.876395427440560582e+01,4.493350544106047550e+01,8.435191174150472193e+01,5.778565744724706832e+01,-4.221025038178319733e+01,6.268841686816214320e+01,1.219766287852285984e+02,-9.778326873483201842e-01,-7.998772843012206124e+01,-8.251917638621215190e+01,4.464974240158024799e+01,-5.182629991547685933e+01,-1.187212765031403734e+02,3.737081736226710404e+01,-1.200430660306269175e+02,1.191208467908072919e+02,3.703008790422223484e+01,5.274786142382523479e+01,-1.378457386645600309e+02,2.034478146118310917e+02,-6.656983050687091463e+01,6.643407699393652877e+01,-1.210684986103941085e+01,2.313625480182213607e+02,-2.680805385706543831e+01,-3.221669217527717421e+01,-2.826134912566394775e+01,-7.185132217352271766e+01,8.947419005511729473e-02
-4.010463712664230843e+05,4.397864259754604973e+03,-2.306623701478296425e+03,1.936595410145273036e+03,-1.142733283992384258e+03,-5.064952718434888652e+02,1.155167401048436886e+03,-8.827268649354040875e+00,-2.552571448470395126e+02,-3.229433493619528122e+02,-3.266514065473822370e+02,-6.474055739964892382e+02,2.988541087603563255e+02,-2.558651828539225903e+02,6.859371508167038201e+01,-8.869730935338219524e+01,1.786488856304515593e+01,-1.329328540313828455e+02,-3.411828833812284643e+02,-4.383643869974442850e+02,1.342193605823795224e+02,3.551662863154357410e+02,-3.378784557782004327e+01,3.894394134959057965e+02,3.137024886048554606e+01,8.527355827305676428e+00,1.740059984297709264e+02,2.840041491704232257e+00,3.791478157540019822e+01,-1.077200315042865100e+02,-2.888472732281381639e+01,5.054606993937837700e+01,-3.854556909525756936e+01,-4.962205526448116188e+01,-4.144914296475042192e+01,-1.824924974481524131e+01,3.494506729155479974e+01,1.572804453774880207e+00,4.458151923667579553e+01,-4.325326987808573875e+01,-4.009262973914801620e+01,3.424924054775149163e+00,-1.526110157923660893e+01,-2.379242227535045373e+01,-7.347282467313029919e+00,7.615577419888537314e+00,2.530099654787680397e+00,5.482253739170732665e-01,5.058070653821793883e+00,4.122450473260617088e+00
-3.924485212103971280e+05,-1.324029752394741308e+03,-1.128113290363644865e+03,-2.034584844116676095e+03,-4.540162099662733795e+02,2.427232528685156510e+01,8.151283136844539001e+01,1.357703575045534876e+02,1.243244309557364602e+02,-1.011219897944247315e+01,2.199792575243445754e+02,2.523402375603858161e+02,-1.240461676976474052e+02,1.069380832405129524e+02,-5.462519141218727725e+01,8.082265055743054916e+01,-2.802506238298433772e+01,7.770808170139437721e+01,1.049791726396788505e+02,-9.316077694651497154e+00,2.423754158529921199e+01,-8.168004702618777202e+00,1.303509190011030761e+01,8.995691931436057587e+01,-1.224629055527658892e+02,-1.099164948666062855e+02,-1.053760086944780738e+02,7.861362333898198074e+01,6.560635220095031173e+01,2.480050769557102086e+01,-4.494895340090744895e+01,1.339653793107308957e+02,1.044461608761080242e+02,-1.024940896539919351e+02,-8.167446511029700673e+01,-8.782250207604276326e+00,-5.878955728023892391e+01,-1.382368168087392348e+02,2.306437857080953506e+02,-5.244796343129669935e+01,-1.595047082749658216e+02,-5.051473328056827938e+01,-6.288424738422309446e+01,-8.817650525439579212e+01,4.374340797150379956e+01,1.136610228643097145e+02,-1.139876888746379251e+02,7.619429139372014959e+01,6.433113557937582527e+01,6.394350396331277331e+00
-3.937074503293885500e+05,-7.508158233205509760e+02,-1.882066595362300632e+03,-1.020644765173912901e+03,-9.566377270967153663e+02,-4.128686331091970487e+02,5.519189772373381402e+02,-7.237831982854746116e+01,-4.237946888921130295e+01,-3.705147979194271812e+01,1.041131839273124342e+02,-7.598650953833526955e+01,-4.441467932843409017e+01,-5.037020660719039000e+01,1.044044199755558822e+02,-1.176231345114957350e+01,-1.639055148493320644e+02,-6.153596285742747796e+01,1.161558800412095422e+02,-8.092411117295213785e+01,-7.409767331665717904e+01,-4.212751000570274584e+01,-3.243965852450963894e+01,4.447401856004915288e+01,-2.642113630321100359e+01,-1.414119911927211319e+02,2.973377497346350395e+01,-6.609016001907527027e+01,8.035529962955902050e+00,2.052964577467173797e+02,-3.834395613554527671e+01,-2.183167203094041042e+01,1.863321821796903421e+01,1.669136177686072244e+02,7.137950131972395695e+01,1.526525589458842944e+02,6.707183586208432580e+00,-8.971416609771171125e+01,3.610649468407858365e+01,1.227428339641591890e+02,6.698855279548037345e+01,-8.679355038168333181e+01,1.759213249033154511e+02,-5.525034674242325394e+01,-2.345585512984587950e+01,-7.967917084789282001e+01,5.459274758450093401e+01,1.738993840302786396e+02,-5.340900563607887364e+01,8.246050700268625633e+00
-3.980716232895411667e+05,2.823533378536323198e+03,7.553243811149659450e+02,-1.843699243864346897e+02,1.748745332021464492e+03,2.160560544246065433e+02,-8.910433441376627570e+02,1.872112397040626490e+02,5.196257344702381715e+02,-1.069253319354831291e+02,-8.441291924242279947e+02,-1.738644974428227385e+01,-2.558256944878980477e+01,-1.583308605581099187e+02,1.652033434077066545e+02,-3.745685833001470542e+02,-5.307413592756410026e+02,-1.727856793358969867e+02,-2.766200117451313645e+02,-1.972559665829399478e+01,-2.157029871122712734e+02,-1.333594926612139488e+02,2.139765393201699055e+02,-1.214707959946600369e+02,1.386429962168044199e+02,-2.819189741518233063e+02,5.176870375999352802e+01,3.298697259338454302e+01,1.604570874382214640e+02,2.117095013509280648e+02,-1.044639267958460405e+00,1.308293969808730139e+02,-1.446292416495279554e+02,1.738672147272366786e+01,-4.211662630147669972e+01,-2.037308603664163087e+01,-4.464876033997772709e+01,-2.574472277792091290e+01,7.605585340857187404e+00,-1.957167327497168330e+01,-5.232293003607023962e+01,-5.053822922329598555e+01,-1.027318923855280097e+01,2.453320984580228270e+01,3.250285480217209511e+01,1.937210050170157061e+01,3.020812453594478342e+01,-1.542102054373397735e+01,-1.445780894260123794e+00,-7.186335184689182753e+00
-3.928861948988000513e+05,-1.996313055320722015e+03,-1.993454523458184212e+03,1.274247381852023636e+03,-2.664895089160419275e+02,-3.888148599168137594e+02,-9.138516230965254863e+02,-4.986519950947256916e+02,7.112595766530926085e+02,-1.072856510941398511e+02,-1.266000206188624588e+01,1.402014486469168730e+02,-2.392837949721482573e+02,-1.308387990947707635e+02,-4.774354160727165777e+02,6.233982342291071177e+00,1.205613231199221929e+02,2.034799964846045270e+02,1.629459354065907917e+02,2.978345268740164187e+01,3.116060725684700969e+02,4.043105101229032812e+02,4.865015015474048141e+02,9.891071881841138946e+00,1.736802399127352032e+02,-1.344421960023971394e+02,-1.152973545932897181e+01,3.198432941732382915e+02,-1.160075236626048110e+02,-1.867736392752170360e+01,1.034524008766971406e+02,-1.993795499114941805e+01,-4.075601608511318830e+01,4.073593276766371218e+01,8.979008056459836951e+01,8.187082322114333977e+01,3.807160331349671623e+01,-9.433609330124879122e+00,-3.064213081626542490e+01,-1.751070482320723798e+01,-7.530114649419763495e+00,3.860084689083023157e-01,2.014735578639749036e+01,1.776823149942754654e+01,-1.090380532510399725e+01,1.638738110060390341e+01,1.779932881477109419e+01,1.189752052111660685e+00,5.781352991715793532e-01,5.583188607560723327e+00
-3.935092683731674915e+05,-1.980387600553308630e+03,8.713902534715318779e+02,9.668895899742790334e+02,-4.840673772254540381e+02,8.935123875654954873e+02,7.330269701636946138e+02,9.510066049347544777e+02,1.109598479315015673e+01,2.844533336318878014e+02,-5.077691657345425256e+02,-1.100175256898386777e+02,-2.016423918832768152e+02,-1.073623963620838992e+02,4.086332162124776914e+02,-3.615156924429008996e+02,4.803575789352057654e+02,2.355164449949939467e+02,1.147273092584822791e+02,1.591025226237583468e+02,-2.763390513048878461e+02,2.425599666895032271e+02,8.015675640513045153e+01,-1.850346952152649465e+02,-3.153877617971193104e+02,5.455635264962805309e+01,2.850250002239736773e+02,1.248563128357078824e+02,1.506011923721509618e+02,3.476551391840683891e+01,1.595508481895907096e+02,-3.231646343044980085e+01,6.587633789604609547e+01,-4.300089328387840482e+01,4.591662293457095956e+01,9.230451572508934532e+01,-5.160490318475106619e+01,-6.324930145420110783e+00,-2.025291653164239847e+01,-1.662201708920781940e+01,-6.393953130868128909e+01,3.004263730836173707e+01,1.798995880079551313e+01,-7.039591129009690196e-01,2.667586266117061733e+00,-1.983081710317142310e+01,-3.136721779071591332e+00,1.086683203533821640e+00,7.490188572591026384e-02,1.018924954130867588e+00
-3.966690748342710431e+05,2.139682286084907901e+03,-8.294663063598015924e+02,-1.343362559188781461e+03,-3.240280538557876753e+02,9.328741065393484178e+02,-4.064147654802910097e+02,-1.218561677578609306e+02,-6.821685082016878141e+02,2.223702255810159656e+01,-6.452812043347410764e+00,1.416544802353486148e+02,-7.553414668417843814e+01,2.768970741109954048e+01,-2.373198630331069694e+02,-1.171983526534933873e+02,3.371031114698540136e+02,-1.756187582078039497e+02,1.397818411812424131e+02,-1.681003314536369260e+02,1.269186102970916323e+02,-7.770070731838453071e+01,1.535750574467502929e+02,-3.908333642615691588e+02,9.496363419148683249e+01,-1.724011849399693119e+02,2.941348350921444990e+02,-3.500775605301375322e+02,-8.219237928341729571e+01,-2.324366759095479722e+02,9.658730772901478190e+01,1.689409867833041972e+02,3.340183759916574568e-01,1.427257300777081355e+02,4.763792524481464064e+00,-6.261547367995861890e+01,1.242829085638792890e+02,-1.543568840368085304e+01,2.817255129444976447e+01,1.389651656677886216e+01,-2.424732761193680375e+01,-2.686602307389600597e+00,2.325194197098892701e+01,-3.036944616702625055e+01,-9.273944050926358429e+00,3.400042348271719561e+01,-1.580243172071678304e+00,-6.745512925566240270e+00,2.846394867190087385e+00,-2.913531737025147450e+00
-3.997438157792584971e+05,4.175363488841587241e+03,-1.292855213894032204e+03,1.574300321032420243e+03,-1.605104913295336928e+03,1.379261385544383529e+03,-1.192025040406806056e+03,-8.469913018747589604e+02,-4.553452700115544189e+02,1.069812814317278935e+03,6.275039779875523891e+02,2.137850137414197889e+02,1.485699309943776996e+02,-4.084435568515623913e+02,5.341003748107603997e+02,-1.321119998036331253e+02,-2.605239212800192377e+02,3.834473083843790278e+02,-2.648967131259767882e+01,5.261686339670629309e+01,8.440937259887391519e+01,-1.364867680243576160e+02,1.381750766213089321e+01,2.905291910327936833e+01,-7.683857420297925955e+01,3.007441873335864102e+01,-4.142460409410283972e+01,1.315427599343094869e+02,-1.150843730126485553e+01,-3.430445967874121149e-01,1.554781594781326381e+00,-8.826966075022575353e+00,5.950235969839180683e+00,9.516001039472326894e+00,-2.364549417184182101e+00,2.591758404423643469e+00,-1.950991854813776527e+01,-7.578254556166541533e-01,-1.022990981435549251e+01,-9.413118271043806828e+00,1.015961294542574400e+01,-4.155301600984884769e-01,-5.963967885897668353e+00,-9.491142930439525616e-01,-1.700962366045726260e+00,-7.146136729042278368e+00,-9.332061533396924347e+00,3.788299522717334389e-01,3.069472156033608012e+00,-6.107430060392403659e-01
-3.957892155706032063e+05,-6.281036385942592233e+02,1.081691604302172436e+03,2.917690202140995552e+03,5.530836967709593637e+02,1.423220599823389421e+03,1.236135003406864428e+02,-2.344896051599061764e+02,7.334630630309041521e+01,-7.056430071979079912e+02,2.535915983859444509e+02,2.181475734675854383e+01,3.292905465929320599e+02,5.306811381986573224e+02,6.520426163082616711e+01,3.518265538769479690e+02,-2.893702515383866967e+02,-2.096324634138925092e+02,2.875686258985259087e+02,-3.116334230280446036e+02,-1.592148793481717348e+02,-1.029382901054218422e+02,-9.334615014011140488e+01,-2.553586524300284566e+01,-5.318480542713344050e+01,-1.143496755235159839e+02,6.793056659151679355e+01,2.181609468998272803e+02,7.303421467907604381e+01,-8.854901047252484148e+01,5.709200490506728443e+01,1.450238597832305061e+02,2.006141253133557427e+02,1.341667982353177280e+01,1.956491667897572313e+02,1.320382165546721431e+01,-2.727627170717836336e+01,6.767275242064765450e+01,1.684175507855620069e+01,-6.166960587181051068e+01,5.096590242223297906e+01,-1.464667296278753916e+01,-3.118283235377055540e+00,2.801079993586086658e+01,-2.145206230482931531e+01,2.875554073615356998e+01,2.516957820908162091e+01,1.054461830764138419e+01,-3.792459857133489098e+00,-9.978891011525782284e-01
-3.930475324670602567e+05,-2.263507589537428885e+03,-7.315822451562971764e+02,1.158067690044889332e+03,1.316451925264416900e+02,-1.712691879982631633e+02,-1.256843970386143070e+02,3.542312283644453430e+01,-5.417717658962994847e+02,-5.838012919264632217e+01,-1.624643082277908093e+02,-1.074571610471473520e+02,-6.189129025798241912e+01,-2.362660854947786220e+02,-1.681793941790186580e+02,-1.513199474847907027e+02,3.473990428318876411e+01,-1.238934530936649878e+02,-3.617590313820073220e+02,2.778652947047769999e+02,-9.839643613711244186e+00,-3.432289828411742860e+01,-5.043664994380772271e+01,-4.743586744771715047e+01,1.193708203345813388e+02,4.100526287460399999e+01,-1.721688659788009659e+02,1.252530522437461435e+01,-7.785652147469666495e+00,-1.079744691169650821e+02,5.775284510482460831e+01,9.840590861876779627e+01,1.172792224655907347e+02,8.117603698105625654e+01,1.527651574510500438e+02,4.175014048891435436e+01,-8.766668036042666756e+01,9.309129078610008889e+01,-2.934707496120293513e+01,8.295166813662041250e+01,-4.041705574364149456e+00,-9.044254840106621884e+01,-2.269368229019448790e+02,-1.366026133958965261e+02,3.752375268568492572e+01,-7.870329228469427107e+01,1.262950731959858430e+01,4.202360909576541559e+01,5.733619787643271515e-01,-4.087315859318377420e+01
-3.964148480212481809e+05,1.136792578969587794e+03,3.885732630439126751e+03,5.650764251563093694e+02,-1.472745786286133580e+03,-1.315586240152519167e+03,-8.582990954725769370e+02,-3.678002142537596342e+02,-1.164595052347982715e+02,-4.734439156525879753e+02,-1.329141002205595044e+02,1.253313424548447443e+02,1.309028821030504730e+02,-7.575483192295702395e+01,-1.947898540890746233e+02,-1.965361536927322845e+02,8.486184515942312601e+01,-1.577076380826919717e+02,-4.107090978893031519e+01,3.796144717715295656e+02,2.773626674291056133e+02,-3.807971491747676396e+01,-3.783604468225244091e+02,1.612294084718461207e+01,-2.404621830812400844e+02,-3.532426211737068229e+02,1.896691733928308281e+02,1.559793337587910287e+02,5.493053380066261582e+01,1.227126578440151050e+01,-4.417468673777713661e+01,-1.271361122092433220e+02,1.224901313023591030e+02,6.803706317127732461e+01,-5.480529589618613073e+01,-8.265747746570268362e+01,4.220072229265920782e+01,-2.229916127867875630e+01,-1.800354111336506335e+01,-1.066412865006045152e+01,-2.263165472698978054e+00,1.363485039641513907e+01,1.148032864387550234e+01,1.243135344030442546e+01,8.431846197897808537e+00,2.164589463736056985e+00,2.670508602206877580e+00,2.091273742451807749e+00,4.932130602979277967e+00,1.433378068278152950e+00
-3.935963417542071547e+05,-7.648272321124113660e+02,-1.996835936673075764e+02,-1.057532717720567234e+03,5.675442219074631112e+02,1.782089884112110099e+02,-4.610411165704963992e+02,-1.296075961677922805e+02,2.554345784878508709e+02,2.646293558110349498e+00,-2.206867928881620458e+02,-3.781824173296484446e+02,2.869106017144794691e+02,-4.285430907063806671e+01,-7.517498143274505651e+01,-2.742291122378876267e+01,5.901724359882231852e+01,1.432238638095367946e+02,8.575766500449697105e+01,-8.969726084522942244e+01,-1.103232187940843971e+02,-1.546234341686900393e+02,-5.792949774317278155e+01,3.899765656296807492e+01,-1.103576634397661707e+02,-3.913481953030154159e+01,-5.604431917687941933e+01,8.513566829873109043e+01,-1.421679953375989669e+02,1.543752407905313362e+02,-9.301121903971086624e+00,7.336064668861321536e+01,-3.226751404356478048e+01,3.734447925423472725e+01,-6.918063825426763458e+01,6.019358171845699701e+01,2.431516005357793233e+02,2.712264769741199189e+02,1.023668478686698222e+02,1.422374590510697345e+01,-3.442763449056182168e+01,1.924249564880586547e+02,-3.082121257470779341e+01,-5.548189010185097914e+01,-3.246165065748729006e+01,-9.046268709962176047e+01,-6.657810654247465720e+01,2.075721572551733729e+01,1.239023188768674899e+01,1.861196150441628916e+01
-3.944153698882182362e+05,-6.830992306535715386e+01,3.764109723039421169e+03,-1.159723569702494160e+03,-1.706191079029230195e+03,-5.790731446020585054e+02,1.042330024007526532e+02,-8.228583791739019659e+01,1.541871913132501959e+02,5.279866129835700121e+02,-2.913349234638373559e+02,4.793516526867311427e+02,6.648835233780658882e+02,-5.244092608769495456e+01,-4.295906640365097928e+02,2.120772226265543452e+02,-8.417227021934932907e+01,-1.220681515222451878e+02,-1.063664048547322807e+02,5.378822083291170397e-01,-1.906780894301027596e+00,-2.358540906110169146e+02,2.022867544758327938e+02,1.464109579141630491e+02,-4.975487568053445386e+01,2.913491969430439212e+02,2.599265404987619945e+02,-4.719769535757426837e+01,-3.844498233701592227e+01,5.744882299860647024e+00,3.916713253192491351e+01,1.160481322179361143e+02,-1.164311948630823821e+02,-1.087624737730233022e+02,1.030245403870322178e+02,1.937896816373110767e+02,-7.671453163063058867e+01,2.987071776429821313e+01,1.425522844147969082e+01,-1.454756005110659345e+01,1.090613133322856321e+01,-2.163888199232185627e+01,-4.211747378438741585e+00,8.855046423996136840e-01,-3.033528586453062914e+01,1.341285638715406670e+01,5.670417934416547290e+00,-1.948906399983042714e+00,4.348289146343936373e+00,-4.519281360836099104e+00
-3.922097380785490386e+05,-3.229715636982228716e+03,-1.443049979041456027e+03,2.125243161431240878e+03,-1.025071245157561634e+03,6.320764770998805488e+02,-5.403551928814837311e+02,-2.750144544258380108e+01,1.166028929304820565e+02,-7.012718712894724149e+02,1.601905017208702873e+02,4.086602437304708815e+02,-4.274699569800300765e+02,2.426450318071891488e+01,-1.145209341562822942e+02,-3.264378164917356457e+02,-1.640671692425362593e+01,-2.302339862970246713e+02,-4.506429125716373960e+02,-3.505024214477736422e+01,-2.408477808051257796e+02,-2.872691593652463666e+02,-7.998587660967956481e+01,9.120898844760063184e+01,2.861243922478487889e+01,2.328474217583586210e+02,-1.507241783878865782e+01,-1.283725685844936137e+01,-5.661436955276219152e+01,-1.497952547682968998e+02,9.265747992503388275e+01,-1.821448858954679793e+02,-1.353794695534803338e+02,9.703054980302505328e+01,-7.024034257572313322e+01,5.046013202124691333e+01,1.073054413064593327e+01,-5.543027357900179908e+01,1.183229656211242968e+02,-3.615484724671377137e+01,-2.914685574203928908e+01,9.152360501409759763e+01,7.041146784569339445e+01,3.725345032240333154e+01,2.274270145638675444e+01,1.538002762791379219e+01,-7.558734908237388694e+00,-1.073229772992281505e+00,-8.738959285433899993e+00,5.404357395735471137e+00
-3.972962905282615684e+05,2.607259041735505434e+03,-1.835307272491021990e+01,-7.926271649251896179e+02,1.338657515210718145e+02,6.512265149718755310e+02,-1.402813492349447188e+03,5.972145355058980840e+02,-2.883101250175679979e+02,1.663255390266106417e+02,2.729728535086011334e+02,-3.826207839496210568e+02,8.298314109710476316e+01,6.815964110077929128e+00,8.222456346461559917e+01,1.732914862948589416e+02,2.063328581312981669e+02,-9.520100803196639845e+02,3.019094765781542833e+02,2.772906523601458844e+02,-1.590562299569561731e+02,2.645969997589866125e+02,5.727369152817856701e+01,8.820674794630170368e+01,8.161601779007652624e+01,1.629841911101354697e+02,-5.592602875909340554e+01,9.563838300102399614e+01,-5.712243249938795486e+01,6.997965995973943620e+01,-7.942050458295844351e+01,-1.147315569064538181e+02,-4.440288573889710477e+01,-6.624496296314744370e+01,1.167143750472808961e+01,3.449265554619439200e+01,-3.566722187578782677e+00,-2.698807557334058416e+01,3.281035542710471731e+01,3.307527127910817200e+01,-4.577580088501482791e+00,1.392311264790033221e+01,-1.259987870847471880e+00,6.058501161159869364e-01,2.094930687496395549e+01,4.028815391677051494e+00,1.018933033712584590e+00,4.896529325972465152e+00,-3.689368349400488634e-01,4.162677472521233213e+00
-3.939814450327537488e+05,4.178861799605828509e+01,1.008474552298682596e+02,-2.126421722631564535e+03,4.101257734083876585e+02,4.451396463903818699e+02,-4.881788445379112318e+02,1.416920370971498642e+02,6.168175682652275782e+02,-2.209518183978910031e+02,9.917591921831402146e+01,-1.139265679386658121e+02,6.774364918206435959e+01,-7.635860974136031487e+00,6.734002521413455611e+01,-9.686706418700640597e+01,-7.839414721700886446e+01,9.141898834466771007e+01,-1.489131767985998351e+02,2.240967604383512324e+01,1.608142458323351889e+02,9.022848863541042874e+01,-6.742262367272822132e+01,-8.492128195127985180e+01,4.940042780609936557e+01,8.008228522042149677e+01,7.058905787029706858e+01,-5.097766724025503038e+01,8.735020053201382950e+01,-1.101454081985868783e+02,-3.488887623651682901e+01,-7.610588207354601309e+01,-6.453758689235297652e+01,-8.152071419999515456e+01,2.165196399998978620e+02,-2.076972045285601496e+02,-1.259960870131758242e+02,-9.558606423969915511e+01,4.641643845752083308e+01,-1.073261111909237258e+02,1.056365284697975397e+02,6.823039423408530979e+01,2.111480862133205960e+01,-9.273684663132810613e+01,-1.406592589061014849e+02,-1.278729071281504730e+02,-4.974981476106473366e+01,1.244312265738197532e+01,1.919076354294847064e+01,2.499158406665303289e+01
-3.915310993728387984e+05,-2.690347633178014348e+03,-8.354696886717208599e+02,-8.937881092756987300e+02,-7.671937204219443807e+00,-4.180377308734856001e+02,1.299447343815401155e+02,2.556394015920551865e+01,-3.732317586162617431e+02,2.228169479438751637e+02,1.472193543608960056e+02,-6.071894428986644243e+01,-2.971710461765564304e+01,-1.058233503620626124e+02,9.149657374740263194e+00,-4.261698707367713723e+01,6.022664166879310166e+00,-1.761744635489409738e+00,-7.603532271436201917e+00,-5.980081220779337769e+01,-1.687074699339218569e+02,-7.359717038356396301e+01,-7.562974847459467753e+01,4.158598197288319653e+01,8.416220753654768316e+01,-6.974749241325473292e+01,1.522552074028268265e+01,9.095441739762779321e+01,2.396886893842037125e+00,-2.796651005122755151e+01,-6.085052816021007516e+01,5.411883246974038997e+01,-6.018478934637776234e+01,-1.064818467087740714e+02,5.621687700165482227e+01,-6.954374064281103074e+01,7.755390363275911625e+01,-3.935598982176462357e+01,-1.012869199915678422e+02,-3.833034560084272346e+00,1.072572280124026278e+01,7.463525851835845515e+01,5.528157608136415035e+01,5.275034714186255513e+01,-1.057357092911722196e+00,-1.003821269729100241e+00,1.241990458086994522e+02,3.838419630522059123e+01,1.960492976064901427e+02,-7.062477235345625104e+01
-3.990523971637468785e+05,3.784367907573290722e+03,-6.547911427155878528e+02,-2.804135332644826804e+02,3.405777610715117021e+02,3.381006962197810140e+01,-2.501661963582698789e+01,9.445755479356338356e+02,-3.356919732905407159e+02,-2.258453618091123758e+02,1.541142864802748136e+02,4.186256243041298148e+02,-2.778037745711081925e+02,5.906718509113910898e+01,-3.473591610601122852e+02,3.290950307305792535e+02,9.033222282058810038e+01,3.682413852544727888e+02,-9.326592425274641585e+01,5.487421502464456324e+01,-1.103672606428982874e+02,-2.532374404367450893e+01,-7.908759422862095789e+01,9.980201205002848042e+01,-8.522751523069415214e+01,-3.594590867710218873e+01,-6.889057580687860138e+01,9.561770293265465170e+01,-1.274423133531783492e+00,9.592133991766841916e+01,1.982423339256505912e+01,-1.034446110988893253e+01,-4.823854277876220920e+01,-5.259369216229349320e+01,8.459294096757432158e+01,-8.525534342845315905e+01,-1.680565586270926559e+01,5.436801431055020117e+01,8.246760415869560745e+01,9.320391253836000089e+01,-4.146372506415868742e+01,1.922282952575369208e+01,7.608794440752875232e+01,-1.364866149900596497e+02,-1.170888223806405115e+01,3.551805297094665548e+01,1.489832254974872399e+02,-1.077024702146735109e+02,-3.221943488508466658e+01,6.063525650073311013e+00
-3.963754453919110820e+05,9.223879873165219578e+02,-2.881976872431388074e+03,8.417764181011896198e+02,-1.246624184285009960e+03,-1.170606272671448551e+03,8.864644950412344997e+02,-5.310580020214275692e+02,5.255108034680711171e+02,-1.986877708363526267e+02,6.076666300499785933e+01,-1.831146363003972226e+02,-2.406356973748589496e+02,-1.195226096462763792e+02,4.007083444042285123e+02,6.536514229183608222e+02,-6.202097858843777090e+01,-1.013362249152355901e+02,-1.719930811728329800e+01,4.363877026542646718e+02,-1.186826230366971231e+02,-2.318803957756470311e+02,2.033124202055059584e+02,-2.540738440645554022e+02,9.131727411238871639e+01,-8.064298473223229280e+01,1.544162769402356048e+02,-1.149235598424851901e+02,9.815440616326536372e+01,-2.648872691769603449e+01,1.084921310265797700e+01,-1.266475861251020802e+02,2.285811640170845394e+01,-1.283379385483129909e+02,2.722715258833806473e+01,-3.689659601524489574e+01,3.562854713240746918e+01,1.026930683866230396e+02,7.446805015827085583e+01,1.786707868606416838e+01,1.681583149735021765e+00,-5.309303190827251440e-01,-2.451162082590772684e+01,2.363148028529375466e+01,3.252817962565839771e+00,2.178045714671963395e+00,-1.390785169081611095e+01,-3.070509194314878698e+01,1.130468995242909003e+01,-1.049720062529181652e-01
-3.909756466528906021e+05,-3.109332374861044173e+03,-1.371011473628320800e+03,-7.968402155680128089e+02,-2.997559344233158072e+02,-4.423419253963303390e+02,-2.361997956215211332e+02,-9.063026456632744043e+01,-3.121474755657404216e+02,2.406920960702668424e+02,7.647590965374907057e+01,-2.705676876414586118e+01,-3.163991370364659872e+01,-1.585827925393678015e+02,-1.800564885353871247e+01,3.130657841732206137e+01,3.066902919890958401e+01,-1.319113007443924630e+02,-6.142241775720484043e+01,-1.073125283283260387e+02,-7.138143894985866211e+01,2.155098044462871343e+01,-1.208999652880585387e+02,3.222560977133648663e+01,4.026796800806656762e+01,-1.173688250710660839e+02,-5.265160807446998348e+01,4.598443424719318529e+01,6.421487863278751718e+01,4.912412023999204536e+01,2.235147322376785795e+01,9.467864712090221246e+01,-5.176676126836337488e+00,-9.591126263448811073e+01,2.489295782124563061e+01,-7.889452646354411058e+01,-6.157012748111540645e+01,4.868817141852334629e+01,-7.451714251671512557e+01,2.428636751767382052e+01,-7.329135249492708226e+01,3.917447645315979088e+01,8.804514327748339042e+01,4.272783299235454990e+01,-1.262672127103569863e+02,5.672815300440940689e+01,-1.093949559512773675e+02,-4.347390979549864198e+01,-1.229483468666475687e+02,-1.141487001453673429e+02
-3.947873426602900727e+05,-1.067465024810499017e+03,8.477020238500866753e+02,1.373426041566348204e+03,7.851723409684550461e+02,6.363528045366324477e+02,4.442151861828377264e+02,1.183550146959977525e+02,-7.340498465769841232e+02,-9.692204274857851942e+01,-5.271501044320569918e+02,-1.204965112993596250e+02,3.755246033934812431e+02,6.345701714239077695e+00,5.548241227733712577e+01,1.115366681064063243e+02,-5.842735808704718892e+01,1.507169868223972742e+02,-1.860345546976845981e+02,4.768222618241046007e+02,3.620887372471176491e+02,1.092732845754432276e+02,8.756591973316976407e+01,-6.226348158003444411e+01,1.392566368235396510e+02,9.958311122396155213e+01,-2.534302400174578338e+02,-1.820673447103170872e+02,-1.921228632383604662e+01,1.210328541661797459e+02,-8.525717242039110033e+01,7.485967643113224312e+01,1.452105291691097761e+02,3.970799671270401632e+01,3.172609925192616487e+01,5.729638946423025203e+01,7.064498835953431310e+00,-3.561785939220273889e+01,1.315319260777048100e+02,-9.492235693370317051e+01,-1.313681791954252809e+01,8.174151742710084534e+01,1.212804921167614509e+02,8.240974760661055143e+01,-3.279207771107952141e+01,2.906078996346561283e+01,2.502700987892396611e+01,-7.132472320605645066e-01,6.844155178785441329e+00,-3.474611247269643766e+00
-3.918121880618676078e+05,-2.967058338316225672e+03,-3.869950245965705449e+02,1.212547884558042881e+02,-5.789763503553689361e+02,7.741077951896476179e+02,1.615246905743936736e+02,3.407572817970582264e+02,-1.743587961798847630e+02,-1.405325777307669739e+02,-1.171936990011214732e+02,1.327091967818609248e+02,1.767139515411507134e+01,2.127265592163765575e+02,1.745082178507514072e+02,-1.048172736787451669e+02,8.814524015980252614e+01,-2.018642401010721787e+00,-2.005507017298850414e+01,1.576684976743949207e+01,1.633261263349356227e+02,1.198316058259281824e+01,6.352163973552178788e+01,4.905844465727797399e+01,-1.223986318984864710e+02,2.178007215257054341e+01,4.153181575757319166e+00,3.142889200170230168e+01,-4.088690588082237731e+00,1.474184104573460843e+02,-7.157988698206419542e+01,-5.065462854170571916e+01,-1.785437293016096874e+02,3.818348877972692623e+00,-1.184380441602134084e+02,-1.005311660839240631e+02,1.266610921060765236e+02,5.756967904050370777e+01,7.123629584641611245e+01,5.280314798931042475e+01,1.717011723378491297e+02,-2.001534952793351181e+02,-1.284361970412556104e+02,4.663718396011137912e+01,-1.620069884842868646e+02,7.046337706199810214e+01,2.937559544273388212e+01,-9.961046541387121422e+00,1.182606372478821122e+01,2.962919096294117427e+00
-3.965116552078712266e+05,1.376902417474075946e+03,-2.230923715722772158e+03,1.060341425571546097e+03,-5.658585123771382541e+02,-8.418108319544430742e+02,-3.932017326268857573e+02,-5.484100044645190764e+01,3.228957716039522552e+02,8.808484746204707108e+02,-7.780708930905886689e+01,-1.783820561738484116e+02,7.860925145241941436e+01,1.316627146676544498e+03,-2.146105674551506581e+02,-2.503876628311013803e+02,-9.078573263328691212e+01,1.300690191860965115e+02,-9.685625148088099934e+01,1.551879517611517656e+02,-1.140988808673249366e+02,1.562471757948914046e+02,-2.697999545134554751e+02,-8.431496548249884881e+01,1.572311951993302443e+02,8.624279586278744603e+01,5.789717863728091629e+01,-6.788905197191679974e+01,-3.484255149964374709e+01,5.780135527247124116e+01,1.247150962384813653e+02,4.835993255146455283e+01,4.138147317434027883e+01,-3.391049300875914696e+01,-5.704915831584646213e+01,-1.295725408147407443e+01,2.538919077165502802e+00,-1.878832205889784390e+01,3.853039638533449107e+00,8.062856470188163982e+00,4.772717061048770582e+00,-4.922416035998900874e+00,-1.019818089671111494e+01,1.481617428761220090e+01,-4.046590858952293424e+00,-5.309140513701625430e+00,7.100294171838811508e+00,4.119974504994414310e+00,-1.867498393043399152e-01,1.780070612316286383e+00
